lisinopril,
974199,
974200,
974201,
974852,
974853,
974854,
995165,
995166,
995167,
1308216,
1308221,
1308249,
1308250,
1308251,
1308304,
1308305,
1308306,
1308307,
1308308,
1308309,
1970805,
2066347,
2066348,
2066349,
2066350,
2066351,
2066352,
2066354,
2927198,
2927224,
2927286,
2927299,
2927332,
2927364,
2927365,
2927366,
2927367,
2927368,
2927369,
2927370,
2927371,
2927372,
2927373,
2927374,
2927375,
2927376,
2927377,
2927378,
2927379,
2927380,
2927381,
2927382,
2927383,
2927384,
2927385,
2927386,
2927387,
2927388,
2927389,
2927390,
2927391,
2927392,
2927393,
2927394,
2927395,
2927396,
2927397,
2927398,
2927399,
2927400,
2927401,
2927402,
2927403,
2927404,
2927405,
2927406,
2927407,
2927408,
2927409,
2927410,
2927411,
2927412,
2927413,
2927414,
2927415,
2927416,
2927417,
2927418,
2927419,
2927420,
2927421,
2927422,
2927423,
2927424,
2927425,
2927427,
2927428,
2927429,
2927430,
2927431,
2927432,
2927433,
2927434,
2927435,
2927436,
2927437,
2927438,
2927439,
2927440,
2927441,
2927442,
2927443,
2927444,
2927445,
2927446,
2927447,
2927448,
2927449,
2927450,
2927451,
2927452,
2927453,
2927454,
2927455,
2927456,
2927457,
2927458,
2927459,
2927460,
2927461,
2927462,
2927463,
2927464,
2927465,
2927466,
2927467,
2927468,
2927469,
2927470,
19003126,
19003829,
19003830,
19003851,
19003852,
19025232,
19025233,
19025234,
19025235,
19029027,
19033403,
19033404,
19033405,
19033406,
19033409,
19033410,
19037083,
19037084,
19037085,
19038726,
19038727,
19038728,
19042713,
19042717,
19047473,
19047474,
19047475,
19047476,
19047477,
19078351,
19078352,
19078353,
19080128,
19080129,
19113825,
19113826,
19115736,
19115846,
19115847,
19117559,
19117560,
19117561,
19117562,
19120321,
19133002,
21023578,
21023579,
21023580,
21023581,
21023582,
21023583,
21023584,
21023586,
21023587,
21023588,
21023590,
21023591,
21023593,
21023594,
21023595,
21023596,
21023597,
21023598,
21023599,
21023600,
21023601,
21023602,
21023603,
21023604,
21028236,
21028238,
21029891,
21030050,
21033354,
21033355,
21033356,
21033357,
21033358,
21033359,
21033360,
21033361,
21033362,
21033363,
21033364,
21033365,
21033366,
21033367,
21033368,
21033369,
21033370,
21033371,
21033372,
21033373,
21033374,
21033375,
21033376,
21033377,
21033379,
21033380,
21033381,
21033382,
21033383,
21033384,
21033385,
21033386,
21038046,
21038047,
21038049,
21038050,
21039883,
21043264,
21043265,
21043266,
21043267,
21043268,
21043269,
21043270,
21043271,
21043272,
21043273,
21043274,
21043275,
21043276,
21043277,
21043278,
21043279,
21043280,
21043281,
21043282,
21043283,
21043284,
21043285,
21043286,
21043287,
21043288,
21043289,
21047890,
21047891,
21053091,
21053092,
21053093,
21053094,
21053095,
21053096,
21053097,
21053098,
21053099,
21053100,
21053101,
21053102,
21053103,
21053104,
21053105,
21053106,
21053109,
21053110,
21053111,
21053112,
21053113,
21053114,
21053115,
21053116,
21053117,
21062908,
21062909,
21062910,
21062911,
21062912,
21062913,
21062914,
21062915,
21062916,
21062917,
21062918,
21062919,
21062920,
21062921,
21062922,
21062923,
21062924,
21062925,
21062926,
21062927,
21062928,
21062929,
21062930,
21062931,
21062932,
21067511,
21067512,
21067513,
21067515,
21067517,
21072800,
21072801,
21072802,
21072803,
21072804,
21072805,
21072807,
21072809,
21072810,
21072811,
21072812,
21072813,
21072814,
21072815,
21072816,
21072818,
21072820,
21072821,
21072822,
21072823,
21072824,
21072826,
21072827,
21072828,
21079018,
21082454,
21082455,
21082456,
21082457,
21082458,
21082459,
21082460,
21082461,
21082462,
21082463,
21082464,
21082465,
21082466,
21082467,
21082468,
21082469,
21082470,
21082471,
21082472,
21082473,
21082474,
21082475,
21082476,
21082477,
21082478,
21082479,
21082480,
21087112,
21087113,
21088714,
21088889,
21092279,
21092280,
21092281,
21092282,
21092283,
21092284,
21092285,
21092286,
21092287,
21092288,
21092290,
21092291,
21092292,
21092293,
21092294,
21092295,
21092296,
21092298,
21092299,
21092300,
21092301,
21092302,
21092303,
21102162,
21102163,
21102164,
21102165,
21102166,
21102167,
21102168,
21102169,
21102171,
21102172,
21102173,
21102174,
21102175,
21102176,
21102177,
21102178,
21102181,
21102182,
21102183,
21102184,
21102185,
21102186,
21102187,
21102188,
21102189,
21102190,
21102191,
21106764,
21108604,
21108605,
21111980,
21111981,
21111982,
21111983,
21111984,
21111985,
21111986,
21111987,
21111988,
21111989,
21111991,
21111992,
21111993,
21111994,
21111995,
21111996,
21111997,
21111998,
21111999,
21112000,
21112001,
21112002,
21112003,
21112004,
21112005,
21112006,
21112007,
21112008,
21112009,
21112010,
21112011,
21116507,
21121661,
21121662,
21121663,
21121664,
21121665,
21121666,
21121667,
21121668,
21121669,
21121670,
21121671,
21121672,
21121673,
21121674,
21121675,
21121676,
21121677,
21121678,
21121679,
21121680,
21121682,
21121683,
21121684,
21121685,
21121686,
21121687,
21121688,
21127981,
21127982,
21131405,
21131406,
21131407,
21131408,
21131409,
21131412,
21131413,
21131414,
21131415,
21131416,
21131417,
21131418,
21131419,
21131420,
21131421,
21131422,
21131423,
21131424,
21131425,
21131426,
21131427,
21131428,
21131429,
21131430,
21131431,
21131432,
21131433,
21131435,
21131437,
21131438,
21131439,
21131440,
21131441,
21131442,
21131443,
21131444,
21131445,
21131446,
21141391,
21141392,
21141393,
21141394,
21141395,
21141396,
21141397,
21141398,
21141399,
21141400,
21141401,
21141402,
21141403,
21141404,
21141405,
21141406,
21141407,
21141410,
21141411,
21141412,
21141413,
21146009,
21146010,
21151195,
21151196,
21151197,
21151198,
21151199,
21151201,
21151202,
21151203,
21151204,
21151205,
21151208,
21151209,
21151210,
21151211,
21151212,
21151213,
21151214,
21151215,
21151216,
21151217,
21151219,
21151220,
21151221,
21151222,
21151223,
21161157,
21161158,
21161159,
21161160,
21161161,
21161162,
21161163,
21161164,
21161165,
21161166,
21161167,
21161168,
21161169,
21161170,
21161171,
21161172,
21161173,
21161174,
21161175,
21161176,
21161177,
21165727,
21170925,
21170926,
21170927,
21170928,
21170929,
21170930,
21170931,
21170932,
21170933,
21170934,
21170935,
21170936,
21170937,
21170938,
21170939,
21170940,
21170941,
21170943,
21170944,
21170945,
21170946,
21170947,
21170948,
21170949,
21170950,
21170951,
21170952,
21170953,
21170954,
21175472,
35130332,
35130825,
35130836,
35132724,
35132891,
35133443,
35135164,
35136345,
35136398,
35139594,
35144783,
35144849,
35145939,
35147720,
35148048,
35149943,
35152678,
35153912,
35154117,
35156221,
35157486,
35159246,
35159665,
35160592,
35407804,
35409448,
35411702,
35412642,
35743920,
35743921,
35752279,
35760654,
35760655,
35768968,
35768969,
35773345,
35773346,
35773347,
35776682,
35776683,
35786331,
35786593,
35786712,
35831734,
35831735,
35831736,
35869274,
35869275,
35869276,
35869277,
35869278,
35869279,
35869280,
35869281,
35869282,
35869283,
35869284,
35869285,
35869286,
35869287,
35869288,
35869289,
35869290,
35869291,
35869292,
35869293,
35869294,
35884756,
35884757,
35884758,
35884759,
35884760,
35884761,
35884762,
35884763,
35884764,
35887911,
35887912,
35887913,
35887914,
35887915,
35887916,
35887917,
35887918,
35887919,
36034768,
36034769,
36067196,
36067248,
36067273,
36067349,
36067351,
36067352,
36067353,
36067354,
36067355,
36067356,
36067357,
36067358,
36067359,
36067361,
36067362,
36067363,
36067364,
36067365,
36067366,
36067367,
36067368,
36067369,
36067370,
36067371,
36067372,
36067373,
36067374,
36067375,
36067376,
36067377,
36067378,
36067379,
36067380,
36067381,
36067382,
36221121,
36221122,
36224291,
36224292,
36228868,
36228869,
36231812,
36231813,
36231814,
36231815,
36233927,
36233928,
36233929,
36233930,
36239006,
36239007,
36239008,
36239009,
36257152,
36257723,
36258466,
36258588,
36258589,
36261120,
36261272,
36261635,
36262796,
36262926,
36262927,
36262928,
36264024,
36264541,
36265368,
36265369,
36265370,
36266019,
36266279,
36266415,
36268069,
36268780,
36268941,
36270606,
36271326,
36271534,
36273023,
36273024,
36273025,
36273148,
36273149,
36273673,
36275739,
36275740,
36276222,
36276347,
36276441,
36276564,
36276569,
36276626,
36507041,
36509716,
36782796,
36782797,
36782798,
36881092,
36881295,
36883597,
36888806,
36889797,
37593439,
37593440,
37593441,
37593442,
37593443,
37593444,
37593445,
40000499,
40000500,
40000501,
40000502,
40044817,
40044818,
40044819,
40115015,
40155308,
40221240,
40221241,
40221242,
40221243,
40221245,
40221246,
40221247,
40221248,
40221249,
40723713,
40723714,
40723715,
40723716,
40723717,
40723718,
40723719,
40723720,
40723721,
40723722,
40723723,
40723724,
40723725,
40723726,
40723727,
40723728,
40723729,
40723730,
40723731,
40723732,
40723733,
40723734,
40723735,
40723736,
40723737,
40723738,
40723739,
40723740,
40723741,
40723742,
40723743,
40723744,
40723745,
40723746,
40723747,
40723748,
40723749,
40723750,
40723751,
40723752,
40723753,
40723754,
40723755,
40723756,
40728972,
40728973,
40728974,
40728975,
40728976,
40728977,
40728978,
40728979,
40728980,
40728981,
40728982,
40728983,
40728984,
40728985,
40728986,
40728987,
40728988,
40728989,
40728990,
40728991,
40728992,
40728993,
40728994,
40728995,
40728996,
40728997,
40728998,
40821506,
40822128,
40822236,
40823062,
40823221,
40823372,
40823475,
40824327,
40824728,
40825038,
40828597,
40828855,
40828856,
40828857,
40828858,
40832228,
40835449,
40835450,
40835904,
40844006,
40844007,
40844009,
40844011,
40844012,
40844013,
40844014,
40844015,
40844016,
40844017,
40844018,
40844019,
40844021,
40844022,
40844023,
40844024,
40845380,
40845381,
40845382,
40845383,
40845384,
40845385,
40845386,
40845387,
40845388,
40845389,
40854013,
40854014,
40854015,
40854016,
40854017,
40854018,
40854019,
40854020,
40854021,
40854022,
40854023,
40854024,
40854025,
40854026,
40854027,
40854028,
40854660,
40854661,
40854662,
40854663,
40854664,
40854665,
40854666,
40854667,
40854668,
40854669,
40859882,
40859884,
40859885,
40859887,
40859888,
40860153,
40860154,
40863416,
40866565,
40866566,
40866567,
40866985,
40875204,
40875205,
40875206,
40875207,
40875208,
40875209,
40875210,
40875213,
40875214,
40875215,
40875216,
40875217,
40875218,
40875219,
40875220,
40875221,
40875223,
40875224,
40875225,
40875226,
40875227,
40875228,
40875229,
40875230,
40875231,
40875232,
40875234,
40876511,
40876512,
40876513,
40876514,
40876515,
40876516,
40876517,
40876518,
40876519,
40876520,
40876521,
40876522,
40876523,
40876524,
40885273,
40885274,
40885275,
40885276,
40885277,
40885278,
40885279,
40885280,
40885281,
40885282,
40885283,
40885284,
40885285,
40885286,
40885287,
40885288,
40885289,
40885290,
40885291,
40885292,
40885293,
40885294,
40885295,
40885296,
40885297,
40885298,
40885299,
40885300,
40885301,
40885302,
40885303,
40885962,
40885963,
40885964,
40885965,
40885966,
40885967,
40885968,
40891128,
40891129,
40891130,
40891131,
40894388,
40897719,
40898109,
40898110,
40906097,
40906099,
40906100,
40906101,
40906102,
40906103,
40906104,
40906105,
40906106,
40906107,
40906108,
40906109,
40906111,
40906112,
40906113,
40906114,
40906115,
40906116,
40906117,
40906120,
40906121,
40906122,
40906123,
40906124,
40906125,
40907456,
40907457,
40907459,
40907460,
40907461,
40916146,
40916147,
40916148,
40916149,
40916150,
40916151,
40916152,
40916153,
40916154,
40916155,
40916156,
40916157,
40916158,
40916159,
40916160,
40916161,
40916162,
40916163,
40916164,
40916165,
40916166,
40916167,
40916168,
40916864,
40916865,
40916866,
40916867,
40916868,
40922162,
40922163,
40925607,
40925608,
40928772,
40928773,
40929223,
40937463,
40937464,
40937465,
40937466,
40937467,
40937468,
40937469,
40937470,
40937471,
40937472,
40937473,
40937474,
40937475,
40937476,
40937477,
40937478,
40937479,
40937480,
40937481,
40937482,
40937485,
40937486,
40937487,
40937488,
40938805,
40938806,
40938807,
40938808,
40938810,
40938811,
40938812,
40938813,
40938814,
40938815,
40938816,
40938818,
40947566,
40947567,
40947568,
40947569,
40947570,
40947571,
40947572,
40947573,
40947574,
40947575,
40947576,
40947577,
40947578,
40947579,
40947580,
40947581,
40947582,
40947583,
40947584,
40947585,
40947586,
40947587,
40948251,
40948252,
40948253,
40948254,
40948255,
40948256,
40948257,
40953315,
40953316,
40953317,
40953576,
40953577,
40956639,
40956640,
40960104,
40960541,
40968536,
40968538,
40968540,
40968541,
40968544,
40968545,
40968546,
40968547,
40968548,
40968549,
40968550,
40968551,
40968552,
40968553,
40968555,
40968557,
40968558,
40968559,
40968560,
40969855,
40969856,
40969857,
40969858,
40969859,
40969860,
40969861,
40969862,
40978557,
40978558,
40978559,
40978560,
40978561,
40978562,
40978563,
40978564,
40978565,
40978566,
40978567,
40978568,
40978569,
40978570,
40978571,
40978572,
40978573,
40978574,
40978575,
40979189,
40979190,
40979191,
40979192,
40979193,
40979194,
40979195,
40979196,
40984481,
40984482,
40984483,
40984484,
40987902,
40987903,
40991328,
40991329,
40999855,
40999856,
40999857,
40999858,
40999859,
40999861,
40999862,
40999863,
40999864,
40999865,
40999866,
40999867,
40999868,
40999869,
40999870,
40999871,
40999872,
40999873,
40999874,
40999876,
40999877,
40999878,
40999879,
40999880,
40999881,
40999882,
40999883,
40999884,
41001155,
41001156,
41001157,
41001158,
41001159,
41001160,
41001161,
41001162,
41001163,
41001164,
41009879,
41009880,
41009881,
41009882,
41009883,
41009884,
41009885,
41009886,
41009887,
41009888,
41009889,
41009890,
41009891,
41009892,
41009893,
41009894,
41009895,
41009896,
41009897,
41009898,
41009899,
41009900,
41009901,
41009902,
41009903,
41010527,
41010528,
41010529,
41010530,
41010531,
41010532,
41010533,
41010534,
41015651,
41015652,
41015653,
41015655,
41015656,
41015657,
41015894,
41018868,
41018869,
41022265,
41030909,
41030910,
41030911,
41030912,
41030913,
41030914,
41030915,
41030916,
41030917,
41030918,
41030919,
41030920,
41030921,
41030922,
41030923,
41030924,
41030925,
41030927,
41030928,
41030932,
41030933,
41030934,
41030935,
41030936,
41030937,
41030938,
41030939,
41030940,
41030941,
41030942,
41032270,
41032271,
41032272,
41032273,
41032274,
41032275,
41032276,
41040959,
41040960,
41040961,
41040962,
41040963,
41040964,
41040965,
41040966,
41040967,
41040968,
41040969,
41040970,
41040971,
41040972,
41040973,
41040974,
41040975,
41040976,
41041632,
41041633,
41041634,
41041635,
41041636,
41041637,
41041638,
41046863,
41046864,
41046865,
41046866,
41046868,
41050149,
41050369,
41050370,
41053548,
41053549,
41062002,
41062004,
41062006,
41062007,
41062008,
41062009,
41062010,
41062011,
41062012,
41062013,
41062014,
41062015,
41062016,
41062017,
41062018,
41062019,
41062022,
41062023,
41062024,
41062025,
41062026,
41062027,
41062029,
41062030,
41062032,
41062033,
41062035,
41062036,
41062037,
41062038,
41062039,
41062040,
41062041,
41062042,
41062043,
41063399,
41063400,
41063401,
41063402,
41063403,
41063404,
41063405,
41063406,
41072197,
41072198,
41072199,
41072200,
41072201,
41072202,
41072203,
41072204,
41072205,
41072206,
41072207,
41072208,
41072209,
41072210,
41072211,
41072212,
41072213,
41072214,
41072215,
41072216,
41072217,
41072218,
41072906,
41072907,
41072908,
41072909,
41072910,
41078254,
41078255,
41078256,
41078257,
41078258,
41078259,
41078504,
41078505,
41081631,
41081831,
41081832,
41085125,
41085560,
41085561,
41093663,
41093664,
41093666,
41093667,
41093668,
41093669,
41093670,
41093671,
41093672,
41093673,
41093674,
41093675,
41093676,
41093678,
41093679,
41093680,
41093681,
41093682,
41093683,
41093684,
41093687,
41093688,
41093689,
41094991,
41094993,
41094994,
41094995,
41094996,
41094997,
41094998,
41094999,
41095000,
41095001,
41103667,
41103668,
41103669,
41103670,
41103671,
41103672,
41103673,
41103675,
41103676,
41103677,
41103678,
41103679,
41103680,
41103681,
41103682,
41103683,
41103684,
41103685,
41103686,
41103687,
41103688,
41103689,
41103690,
41103691,
41103692,
41103693,
41104372,
41104373,
41104374,
41109684,
41109685,
41109934,
41109935,
41112854,
41113078,
41116325,
41116326,
41116755,
41116756,
41124836,
41124837,
41124838,
41124839,
41124840,
41124842,
41124843,
41124844,
41124845,
41124846,
41124847,
41124848,
41124849,
41124850,
41124851,
41124857,
41124858,
41124859,
41124861,
41124862,
41124863,
41126223,
41126224,
41126225,
41126226,
41126227,
41126228,
41126229,
41135106,
41135107,
41135108,
41135109,
41135110,
41135111,
41135112,
41135113,
41135114,
41135115,
41135116,
41135117,
41135118,
41135119,
41135120,
41135121,
41135122,
41135806,
41135807,
41135808,
41135809,
41135810,
41135811,
41135812,
41135813,
41141031,
41141032,
41141033,
41141034,
41141035,
41141036,
41141037,
41141291,
41144466,
41144467,
41147855,
41148236,
41148237,
41156384,
41156385,
41156387,
41156388,
41156389,
41156391,
41156392,
41156393,
41156396,
41156397,
41156398,
41156399,
41156400,
41156401,
41156402,
41156403,
41156404,
41156405,
41156407,
41156408,
41156409,
41156410,
41156411,
41156413,
41156414,
41157705,
41157707,
41157708,
41157709,
41157710,
41157711,
41157712,
41166334,
41166335,
41166336,
41166337,
41166338,
41166339,
41166340,
41166341,
41166342,
41166343,
41166344,
41166345,
41166346,
41166347,
41166348,
41166349,
41166350,
41166351,
41166352,
41166353,
41166355,
41166356,
41166357,
41166358,
41166359,
41166360,
41166361,
41167046,
41167047,
41167048,
41167049,
41167050,
41167051,
41172151,
41172152,
41172393,
41172395,
41187467,
41187468,
41187470,
41187471,
41187472,
41187473,
41187474,
41187475,
41187476,
41187477,
41187478,
41187479,
41187480,
41187481,
41187482,
41187484,
41187485,
41187486,
41187487,
41187489,
41187490,
41187491,
41187492,
41187493,
41187494,
41187495,
41187496,
41188816,
41188817,
41188818,
41188819,
41188820,
41188821,
41188822,
41188823,
41188824,
41188825,
41188826,
41197729,
41197730,
41197731,
41197732,
41197733,
41197734,
41197735,
41197736,
41197737,
41197738,
41197739,
41197740,
41197741,
41197742,
41197743,
41197744,
41197745,
41198401,
41198402,
41198403,
41198404,
41198405,
41198406,
41198407,
41198408,
41198409,
41198410,
41198411,
41203625,
41203626,
41203627,
41206964,
41218694,
41218695,
41218696,
41218697,
41218698,
41218699,
41218700,
41218701,
41218702,
41218703,
41218704,
41218706,
41218707,
41218710,
41218712,
41218713,
41218714,
41218715,
41220018,
41220019,
41220020,
41220021,
41220022,
41220023,
41220024,
41228789,
41228790,
41228791,
41228792,
41228793,
41228794,
41228795,
41228796,
41228797,
41228798,
41228799,
41228800,
41228801,
41228802,
41228803,
41228804,
41228805,
41228806,
41228807,
41228808,
41228809,
41228810,
41228811,
41228812,
41228813,
41228814,
41228815,
41228816,
41229466,
41229467,
41229468,
41229469,
41229470,
41229471,
41229472,
41234636,
41234637,
41234638,
41234639,
41234896,
41234897,
41234898,
41241275,
41241276,
41249708,
41249709,
41249710,
41249711,
41249712,
41249713,
41249714,
41249715,
41249716,
41249717,
41249719,
41249720,
41249721,
41249723,
41249724,
41249725,
41249726,
41249728,
41249730,
41249731,
41249732,
41249734,
41251016,
41251017,
41251018,
41251019,
41251020,
41251021,
41251022,
41251023,
41251024,
41251025,
41259620,
41259621,
41259622,
41259623,
41259624,
41259625,
41259626,
41259627,
41259628,
41259629,
41259630,
41259631,
41259632,
41259633,
41259634,
41259635,
41259636,
41259637,
41259638,
41259639,
41259640,
41259641,
41259642,
41260294,
41260295,
41260296,
41260297,
41260298,
41260299,
41260300,
41260301,
41260302,
41265453,
41265454,
41265455,
41265456,
41265460,
41265461,
41265717,
41265718,
41268869,
41280506,
41280507,
41280508,
41280509,
41280510,
41280513,
41280514,
41280516,
41280517,
41280518,
41280519,
41280520,
41280521,
41280522,
41280523,
41280524,
41280525,
41280526,
41280527,
41280528,
41280529,
41281885,
41281886,
41281887,
41281888,
41281889,
41281890,
41281892,
41281893,
41281894,
41281895,
41290696,
41290697,
41290698,
41290699,
41290700,
41290701,
41290702,
41290703,
41290704,
41290705,
41290706,
41290707,
41290708,
41290709,
41290710,
41290711,
41290712,
41290713,
41290714,
41290715,
41290716,
41290717,
41291360,
41291361,
41291362,
41291363,
41291364,
41291365,
41296566,
41300070,
41303249,
41303250,
41303251,
41303676,
41311839,
41311841,
41311842,
41311843,
41311844,
41311845,
41311846,
41311847,
41311848,
41311849,
41311851,
41311852,
41311853,
41311854,
41311855,
41311857,
41311858,
41311859,
41311860,
41311861,
41311862,
41311863,
41311864,
41311865,
41311866,
41311867,
41311868,
41313217,
41313218,
41313219,
41313220,
41313221,
41321997,
41321998,
41321999,
41322000,
41322001,
41322002,
41322003,
41322004,
41322005,
41322006,
41322007,
41322008,
41322009,
41322010,
41322011,
41322012,
41322013,
41322014,
41322015,
41322016,
41322017,
41322018,
41322717,
41322718,
41322719,
41322720,
41322721,
41322722,
41322723,
42614062,
42614063,
42657448,
42657449,
42657450,
42657451,
42657452,
42657453,
42657844,
42657845,
42657846,
42657847,
42657848,
42657849,
42657850,
42657851,
42657852,
42657853,
42657854,
42657855,
42875987,
42876208,
42876209,
42876210,
42876212,
42931114,
42931115,
42931116,
43033677,
43033678,
43033679,
43033680,
43033681,
43033682,
43033683,
43033684,
43033685,
43033686,
43033687,
43033688,
43033689,
43033690,
43033691,
43033692,
43033693,
43033694,
43036325,
43036326,
43036327,
43036328,
43036329,
43036330,
43036331,
43036332,
43036333,
43036334,
43036335,
43036336,
43036337,
43036338,
43036339,
43036340,
43036341,
43036342,
43036343,
43036344,
43036345,
43036346,
43036347,
43133657,
43133658,
43133659,
43133661,
43133662,
43133663,
43133664,
43133666,
43133667,
43133668,
43133669,
43133670,
43133671,
43133672,
43133673,
43133674,
43133675,
43133676,
43133677,
43133678,
43133679,
43133681,
43133682,
43133683,
43133684,
43133685,
43133686,
43133687,
43133688,
43144587,
43144588,
43144589,
43144590,
43144591,
43144592,
43144593,
43144594,
43144595,
43144596,
43144597,
43144598,
43144599,
43144600,
43144601,
43144602,
43144603,
43144604,
43144605,
43144606,
43144607,
43144608,
43144609,
43144610,
43144611,
43144612,
43144613,
43144614,
43155759,
43155760,
43155761,
43155762,
43155763,
43155765,
43155766,
43155767,
43155768,
43155769,
43155771,
43155772,
43155773,
43155774,
43155775,
43155776,
43155777,
43155778,
43155780,
43155781,
43155782,
43155783,
43155784,
43155785,
43155786,
43155787,
43155789,
43155790,
43155791,
43166718,
43166719,
43166720,
43166721,
43166722,
43166723,
43166724,
43166725,
43166726,
43166727,
43166728,
43166729,
43166730,
43166731,
43166733,
43166734,
43166735,
43166736,
43166737,
43166738,
43166739,
43166740,
43166741,
43166742,
43177768,
43177769,
43177770,
43177771,
43177772,
43177773,
43177774,
43177776,
43177777,
43177778,
43177779,
43177780,
43177781,
43177782,
43177783,
43177784,
43177785,
43177786,
43177787,
43177788,
43177789,
43177790,
43177791,
43177792,
43177793,
43177794,
43177795,
43177796,
43177797,
43177798,
43177800,
43177801,
43188707,
43188708,
43188709,
43188710,
43188712,
43188713,
43188714,
43188715,
43188716,
43188717,
43188718,
43188719,
43188720,
43188721,
43188722,
43188723,
43188724,
43188727,
43188728,
43188729,
43188730,
43188732,
43188733,
43188734,
43188735,
43188736,
43199738,
43199739,
43199740,
43199741,
43199742,
43199743,
43199744,
43199745,
43199746,
43199747,
43199748,
43199749,
43199750,
43199752,
43199753,
43199754,
43199755,
43199756,
43199757,
43199758,
43199759,
43199761,
43199762,
43199763,
43199764,
43210518,
43210519,
43210520,
43210521,
43210522,
43210523,
43210524,
43210525,
43210526,
43210527,
43210528,
43210529,
43210530,
43210531,
43210532,
43210533,
43210534,
43210535,
43210536,
43210537,
43210538,
43210540,
43210541,
43210542,
43210543,
43210544,
43210545,
43210546,
43210547,
43210549,
43210550,
43210551,
43210552,
43210553,
43210554,
43210555,
43210557,
43210558,
43256279,
43256280,
43256281,
43256282,
43256283,
43256284,
43256285,
43256286,
43256287,
43256288,
43256289,
43256290,
43256291,
43256292,
43256293,
43256294,
43256295,
43256296,
43256297,
43256298,
43256299,
43256300,
43256301,
43256302,
43256303,
43256304,
43256305,
43256306,
43256307,
43261583,
43261584,
43261585,
43261586,
43261587,
43261588,
43261589,
43261590,
43261591,
43261592,
43261593,
43261594,
43261595,
43261596,
43261597,
43261598,
43261599,
43261600,
43261601,
43261602,
43261603,
43261604,
43261605,
43261606,
43261607,
43261608,
43261609,
43261610,
43261611,
43261612,
43261613,
43261614,
43261615,
43261616,
43261617,
43267082,
43267083,
43267084,
43267085,
43267086,
43267087,
43267088,
43267089,
43267090,
43267091,
43267092,
43267093,
43267094,
43267095,
43267096,
43267097,
43267098,
43267099,
43267100,
43267101,
43267102,
43267103,
43267104,
43267105,
43267106,
43267107,
43267108,
43267109,
43267110,
43272574,
43272575,
43272576,
43272577,
43272578,
43272579,
43272580,
43272581,
43272582,
43272583,
43272584,
43272585,
43272586,
43272587,
43272588,
43272590,
43272591,
43272592,
43272593,
43272594,
43272595,
43272596,
43272597,
43272598,
43272599,
43272600,
43278049,
43278050,
43278051,
43278052,
43278053,
43278054,
43278055,
43278056,
43278057,
43278058,
43278059,
43278060,
43278061,
43278062,
43278063,
43278064,
43278065,
43278066,
43278067,
43278068,
43278069,
43278070,
43278071,
43278072,
43278073,
43278074,
43278075,
43278076,
43278077,
43278078,
43278079,
43278080,
43278081,
43278082,
43278083,
43283381,
43283382,
43283383,
43283384,
43283385,
43283386,
43283387,
43283388,
43283390,
43283391,
43283392,
43283393,
43283394,
43283395,
43283396,
43283397,
43283398,
43283399,
43283400,
43283401,
43283402,
43283403,
43283404,
43283405,
43283406,
43283407,
43283408,
43283409,
43288852,
43288853,
43288854,
43288855,
43288856,
43288857,
43288858,
43288859,
43288860,
43288861,
43288862,
43288863,
43288864,
43288865,
43288866,
43288867,
43288868,
43288869,
43288870,
43288871,
43288872,
43288873,
43288874,
43288875,
43288876,
43288877,
43288878,
43288879,
43288880,
43288881,
43288882,
43288883,
43294274,
43294275,
43294277,
43294278,
43294279,
43294280,
43294281,
43294282,
43294283,
43294284,
43294285,
43294286,
43294287,
43294288,
43294289,
43294290,
43294291,
43294292,
43294293,
43294294,
43581959,
43581960,
43581961,
43581962,
43581963,
43581964,
43587475,
43587479,
43587481,
43587482,
43587483,
43587484,
43587485,
43587486,
43587487,
43587488,
43587489,
43587490,
43587491,
43587492,
43587493,
43587494,
43599984,
43599985,
43599986,
43599987,
43599988,
43599989,
43599990,
43599991,
43599992,
43599993,
43599994,
43605558,
43605560,
43605561,
43605562,
43605563,
43605564,
43605565,
43605566,
43605567,
43605570,
43605571,
43605572,
43605573,
43605574,
43605575,
43605576,
43617962,
43617964,
43617965,
43617966,
43617967,
43617968,
43617970,
43617971,
43617972,
43617974,
43617975,
43623431,
43623432,
43623434,
43623435,
43623436,
43623438,
43623440,
43623441,
43623442,
43623443,
43623444,
43623445,
43623446,
43623447,
43636115,
43636116,
43636118,
43641629,
43641630,
43641631,
43641632,
43641636,
43641639,
43641640,
43641642,
43641643,
43641644,
43641645,
43641646,
43641648,
43641650,
43641651,
43641652,
43641653,
43641654,
43654160,
43654161,
43654162,
43654163,
43659788,
43659789,
43659790,
43659792,
43659794,
43659797,
43659798,
43659799,
43659800,
43659801,
43672298,
43672300,
43672301,
43672302,
43672303,
43672304,
43677774,
43677775,
43677776,
43677777,
43677778,
43677779,
43677780,
43677781,
43677782,
43677783,
43677785,
43677786,
43677788,
43677789,
43690171,
43690172,
43690173,
43690175,
43695624,
43695625,
43695627,
43695629,
43695632,
43695633,
43695636,
43695637,
43695638,
43695640,
43708003,
43708005,
43708006,
43708007,
43708009,
43713455,
43713456,
43713458,
43713461,
43713462,
43725962,
43725964,
43725965,
43725966,
43725967,
43725968,
43725969,
43725970,
43725971,
43725972,
43725973,
43731465,
43731468,
43731470,
43731471,
43731472,
43731473,
43731474,
43731475,
43731476,
43731477,
43731478,
43731479,
43731481,
43731482,
43744037,
43744038,
43744039,
43744040,
43744041,
43749387,
43749389,
43749391,
43749394,
43749395,
43749396,
43749397,
43749399,
43749400,
43749401,
43749402,
43749404,
43749405,
43749406,
43749407,
43749408,
43749409,
43749410,
43761874,
43761876,
43761877,
43761878,
43761879,
43761880,
43761881,
43761882,
43761883,
43761884,
43761885,
43767399,
43767400,
43767401,
43767404,
43767405,
43767406,
43767407,
43767408,
43767409,
43767412,
43767413,
43767414,
43767415,
43767416,
43767417,
43767418,
43767419,
43779953,
43779954,
43779955,
43779956,
43779957,
43779958,
43779959,
43785456,
43785458,
43785459,
43785460,
43785462,
43785463,
43785464,
43785465,
43785466,
43797916,
43797917,
43797918,
43797919,
43797920,
43797921,
43803406,
43803407,
43803409,
43803410,
43803411,
43803413,
43803414,
43803416,
43803417,
43803418,
43803420,
43815956,
43815959,
43815960,
43815961,
43815962,
43815963,
43821506,
43821507,
43821509,
43821510,
43821511,
43821512,
43821513,
43821514,
43821515,
43821516,
43821517,
43821518,
43821520,
43821522,
43834145,
43834146,
43834147,
43834148,
43834149,
43839592,
43839593,
43839594,
43839595,
43839597,
43839598,
43839599,
43839600,
43839601,
43839605,
43839606,
43839608,
43839610,
43839611,
43839612,
43839613,
43839614,
43852070,
43852071,
43852072,
43852073,
43852074,
43852076,
43857689,
43857690,
43857691,
43857692,
43857695,
43857696,
43857697,
43857698,
43857699,
43857700,
43857703,
43857704,
43857705,
43857706,
43857707,
43857708,
44025459,
44025799,
44028339,
44028340,
44028341,
44028342,
44028343,
44028344,
44028345,
44028346,
44028487,
44028488,
44030971,
44030972,
44034337,
44034338,
44034339,
44034340,
44034341,
44034342,
44034343,
44034344,
44034511,
44034512,
44037044,
44037045,
44037046,
44037047,
44037048,
44037049,
44037050,
44037051,
44037289,
44037290,
44041327,
44041466,
44041468,
44041469,
44044004,
44044005,
44047379,
44047380,
44047381,
44047382,
44047383,
44047537,
44050186,
44050187,
44050188,
44050189,
44050190,
44050191,
44050192,
44050193,
44050194,
44050195,
44050196,
44050197,
44050456,
44050457,
44050458,
44050459,
44054401,
44054402,
44054403,
44054405,
44054406,
44054555,
44054556,
44060415,
44060416,
44060417,
44060576,
44060577,
44063203,
44063204,
44063205,
44063206,
44063207,
44063469,
44063470,
44063471,
44067404,
44067405,
44067555,
44067556,
44069854,
44073198,
44073199,
44073367,
44075902,
44075903,
44075904,
44075905,
44075906,
44075907,
44075908,
44075909,
44075910,
44075911,
44076172,
44076173,
44080075,
44080076,
44080077,
44080078,
44080079,
44080080,
44080082,
44080232,
44082709,
44082710,
44082844,
44086098,
44086099,
44086100,
44086101,
44086103,
44086261,
44088766,
44088767,
44088768,
44088769,
44088770,
44088771,
44088772,
44089033,
44089034,
44089035,
44089036,
44089037,
44089038,
44093044,
44093046,
44093047,
44093048,
44093049,
44093216,
44095674,
44095675,
44095676,
44095677,
44099063,
44099065,
44099066,
44099067,
44099068,
44099261,
44099262,
44099263,
44101793,
44101794,
44101795,
44101796,
44102062,
44105993,
44105994,
44105995,
44105996,
44105997,
44105998,
44106124,
44106125,
44106126,
44108518,
44108519,
44108644,
44108645,
44108646,
44111837,
44111838,
44111841,
44111842,
44111843,
44111844,
44112015,
44112016,
44112017,
44114639,
44114640,
44114641,
44114642,
44114643,
44114890,
44114891,
44114892,
44118992,
44118996,
44118997,
44118998,
44119154,
44119155,
44121620,
44121621,
44121750,
44121751,
44125048,
44125049,
44125050,
44125051,
44125197,
44125198,
44125199,
44125200,
44127769,
44127770,
44127771,
44127772,
44127773,
44127774,
44127775,
44128036,
44128037,
44128038,
44128039,
44163614,
44163776,
44171317,
44182359,
44182360
